"Longitude (x)","Latitude (y)","Station Name","Climate ID","Date/Time","Year","Month","Day","Data Quality","Max Temp (°C)","Max Temp Flag","Min Temp (°C)","Min Temp Flag","Mean Temp (°C)","Mean Temp Flag","Heat Deg Days (°C)","Heat Deg Days Flag","Cool Deg Days (°C)","Cool Deg Days Flag","Total Rain (mm)","Total Rain Flag","Total Snow (cm)","Total Snow Flag","Total Precip (mm)","Total Precip Flag","Snow on Grnd (cm)","Snow on Grnd Flag","Dir of Max Gust (10s deg)","Dir of Max Gust Flag","Spd of Max Gust (km/h)","Spd of Max Gust Flag"
"-52.74","47.62","ST JOHN'S A","8403506","2011-01-01","2011","01","01","","2.2","","-2.0","","0.1","","17.9","","0.0","","2.0","","3.4","","5.4","","1","","29","E","52","E"
"-52.74","47.62","ST JOHN'S A","8403506","2011-01-02","2011","01","02","","2.6","","-0.5","","1.1","","16.9","","0.0","","1.5","","0.5","","2.0","","1","","12","E","37","E"
"-52.74","47.62","ST JOHN'S A","8403506","2011-01-03","2011","01","03","","4.4","","1.1","","2.8","","15.2","","0.0","","4.0","","0.0","","4.0","","0","T","","M","","M"
"-52.74","47.62","ST JOHN'S A","8403506","2011-01-04","2011","01","04","","4.2","","-1.0","","1.6","","16.4","","0.0","","10.1","","0.5","","10.6","","0","","","M","","M"
"-52.74","47.62","ST JOHN'S A","8403506","2011-01-05","2011","01","05","","0.0","","-5.0","","-2.5","","20.5","","0.0","","0.0","","0.0","T","0.0","T","0","T","27","E","54","E"
"-52.74","47.62","ST JOHN'S A","8403506","2011-01-06","2011","01","06","","0.4","","-5.2","","-2.4","","20.4","","0.0","","0.0","","0.0","T","0.0","T","0","T","32","E","32","E"
"-52.74","47.62","ST JOHN'S A","8403506","2011-01-07","2011","01","07","","-0.1","","-6.9","","-3.5","","21.5","","0.0","","0.0","","0.0","T","0.0","T","0","T","9","E","44","E"
"-52.74","47.62","ST JOHN'S A","8403506","2011-01-08","2011","01","08","","1.6","","-0.7","","0.5","","17.5","","0.0","","11.0","","11.8","","22.8","","0","T","8","E","54","E"
"-52.74","47.62","ST JOHN'S A","8403506","2011-01-09","2011","01","09","","3.7","","0.2","","2.0","","16.0","","0.0","","10.6","","0.0","","10.6","","2","","","","<31",""
"-52.74","47.62","ST JOHN'S A","8403506","2011-01-10","2011","01","10","","4.5","","0.4","","2.5","","15.5","","0.0","","1.8","","0.0","T","1.8","","0","","34","E","41","E"
"-52.74","47.62","ST JOHN'S A","8403506","2011-01-11","2011","01","11","","2.0","","0.0","","1.0","","17.0","","0.0","","0.4","","0.0","T","0.4","","0","","36","E","69","E"
"-52.74","47.62","ST JOHN'S A","8403506","2011-01-12","2011","01","12","","3.2","","-1.0","","1.1","","16.9","","0.0","","0.0","T","0.0","T","0.0","T","0","","31","E","48","E"
"-52.74","47.62","ST JOHN'S A","8403506","2011-01-13","2011","01","13","","0.7","","-1.0","","-0.2","","18.2","","0.0","","0.0","T","37.8","","29.2","","8","","2","E","56","E"
"-52.74","47.62","ST JOHN'S A","8403506","2011-01-14","2011","01","14","","1.5","","-3.2","","-0.9","","18.9","","0.0","","0.0","","1.8","","1.8","","38","","36","E","67","E"
"-52.74","47.62","ST JOHN'S A","8403506","2011-01-15","2011","01","15","","0.9","","-3.3","","-1.2","","19.2","","0.0","","0.0","","0.0","T","0.0","T","38","","","","<31",""
"-52.74","47.62","ST JOHN'S A","8403506","2011-01-16","2011","01","16","","2.5","","-2.5","","0.0","","18.0","","0.0","","0.8","","2.0","","2.8","","35","","17","E","63","E"
"-52.74","47.62","ST JOHN'S A","8403506","2011-01-17","2011","01","17","","-1.1","","-6.5","","-3.8","","21.8","","0.0","","0.0","","0.2","","0.0","T","37","","28","E","70","E"
"-52.74","47.62","ST JOHN'S A","8403506","2011-01-18","2011","01","18","","-2.8","","-8.0","","-5.4","","23.4","","0.0","","0.0","","0.0","","0.0","","37","","30","E","65","E"
"-52.74","47.62","ST JOHN'S A","8403506","2011-01-19","2011","01","19","","5.3","","-3.9","","0.7","","17.3","","0.0","","14.3","","4.7","","19.0","","36","","16","E","76","E"
"-52.74","47.62","ST JOHN'S A","8403506","2011-01-20","2011","01","20","","5.3","","-0.5","","2.4","","15.6","","0.0","","0.2","","0.8","","1.0","","15","","34","E","41","E"
"-52.74","47.62","ST JOHN'S A","8403506","2011-01-21","2011","01","21","","0.5","","-3.7","","-1.6","","19.6","","0.0","","0.0","","0.0","","0.0","","15","","16","E","57","E"
"-52.74","47.62","ST JOHN'S A","8403506","2011-01-22","2011","01","22","","4.9","","-2.1","","1.4","","16.6","","0.0","","8.8","","1.6","","10.4","","11","","16","E","72","E"
"-52.74","47.62","ST JOHN'S A","8403506","2011-01-23","2011","01","23","","6.8","","-3.9","","1.5","","16.5","","0.0","","39.4","","6.6","","48.4","","10","","17","E","78","E"
"-52.74","47.62","ST JOHN'S A","8403506","2011-01-24","2011","01","24","","6.8","","-9.4","","-1.3","","19.3","","0.0","","2.4","","2.2","","3.8","","13","","26","E","93","E"
"-52.74","47.62","ST JOHN'S A","8403506","2011-01-25","2011","01","25","","-2.8","","-9.9","","-6.4","","24.4","","0.0","","0.0","","0.6","","0.2","","15","","25","E","46","E"
"-52.74","47.62","ST JOHN'S A","8403506","2011-01-26","2011","01","26","","-4.7","","-9.9","","-7.3","","25.3","","0.0","","0.0","","0.2","","0.0","T","15","","","","<31",""
"-52.74","47.62","ST JOHN'S A","8403506","2011-01-27","2011","01","27","","5.9","","-7.5","","-0.8","","18.8","","0.0","","10.4","","5.5","","15.9","","15","","19","E","63","E"
"-52.74","47.62","ST JOHN'S A","8403506","2011-01-28","2011","01","28","","4.9","","-1.5","","1.7","","16.3","","0.0","","0.2","","0.0","T","0.2","","6","","25","E","83","E"
"-52.74","47.62","ST JOHN'S A","8403506","2011-01-29","2011","01","29","","0.6","","-1.7","","-0.6","","18.6","","0.0","","1.0","","7.3","","7.3","","6","","12","E","54","E"
"-52.74","47.62","ST JOHN'S A","8403506","2011-01-30","2011","01","30","","-0.9","","-4.3","","-2.6","","20.6","","0.0","","0.0","","0.2","","0.0","T","9","","","","<31",""
"-52.74","47.62","ST JOHN'S A","8403506","2011-01-31","2011","01","31","","-1.8","","-11.2","","-6.5","","24.5","","0.0","","0.0","","10.4","","5.2","","9","","30","E","56","E"
"-52.74","47.62","ST JOHN'S A","8403506","2011-02-01","2011","02","01","","-5.3","","-11.7","","-8.5","","26.5","","0.0","","0.0","","1.4","","0.8","","18","","30","E","54","E"
"-52.74","47.62","ST JOHN'S A","8403506","2011-02-02","2011","02","02","","-4.7","","-10.8","","-7.8","","25.8","","0.0","","0.0","","12.8","","11.0","","23","","36","E","33","E"
"-52.74","47.62","ST JOHN'S A","8403506","2011-02-03","2011","02","03","","-5.4","","-12.2","","-8.8","","26.8","","0.0","","0.0","","10.2","","7.6","","40","","11","E","46","E"
"-52.74","47.62","ST JOHN'S A","8403506","2011-02-04","2011","02","04","","-2.5","","-12.6","","-7.6","","25.6","","0.0","","0.0","","0.0","T","0.0","T","41","","26","E","54","E"
"-52.74","47.62","ST JOHN'S A","8403506","2011-02-05","2011","02","05","","-1.5","","-4.3","","-2.9","","20.9","","0.0","","0.0","","0.0","T","0.0","T","38","","","","<31",""
"-52.74","47.62","ST JOHN'S A","8403506","2011-02-06","2011","02","06","","2.7","","-3.5","","-0.4","","18.4","","0.0","","0.8","","10.6","","7.2","","37","","31","E","85","E"
"-52.74","47.62","ST JOHN'S A","8403506","2011-02-07","2011","02","07","","-0.8","","-8.7","","-4.8","","22.8","","0.0","","0.0","","0.0","T","0.0","T","38","","33","E","70","E"
"-52.74","47.62","ST JOHN'S A","8403506","2011-02-08","2011","02","08","","-2.1","","-8.9","","-5.5","","23.5","","0.0","","0.0","","25.4","","21.8","","38","","8","E","74","E"
"-52.74","47.62","ST JOHN'S A","8403506","2011-02-09","2011","02","09","","-0.5","","-8.8","","-4.7","","22.7","","0.0","","0.0","","9.6","","6.6","","62","","30","E","76","E"
"-52.74","47.62","ST JOHN'S A","8403506","2011-02-10","2011","02","10","","-5.0","","-9.4","","-7.2","","25.2","","0.0","","0.0","","13.8","","10.2","","62","","29","E","63","E"
"-52.74","47.62","ST JOHN'S A","8403506","2011-02-11","2011","02","11","","-6.9","","-12.8","","-9.9","","27.9","","0.0","","0.0","","6.2","","4.8","","70","","32","E","57","E"
"-52.74","47.62","ST JOHN'S A","8403506","2011-02-12","2011","02","12","","-3.3","","-11.9","","-7.6","","25.6","","0.0","","0.0","","0.0","T","0.0","T","72","","31","E","41","E"
"-52.74","47.62","ST JOHN'S A","8403506","2011-02-13","2011","02","13","","-1.7","","-10.7","","-6.2","","24.2","","0.0","","0.0","","4.0","","2.0","","75","","29","E","89","E"
"-52.74","47.62","ST JOHN'S A","8403506","2011-02-14","2011","02","14","","-5.6","","-12.8","","-9.2","","27.2","","0.0","","0.0","","0.0","T","0.0","T","74","","29","E","59","E"
"-52.74","47.62","ST JOHN'S A","8403506","2011-02-15","2011","02","15","","4.1","","-6.3","","-1.1","","19.1","","0.0","","1.6","","13.8","","13.6","","76","","14","E","65","E"
"-52.74","47.62","ST JOHN'S A","8403506","2011-02-16","2011","02","16","","0.1","","-4.7","","-2.3","","20.3","","0.0","","0.0","","2.8","","2.4","","70","","36","E","95","E"
"-52.74","47.62","ST JOHN'S A","8403506","2011-02-17","2011","02","17","","-0.4","","-5.0","","-2.7","","20.7","","0.0","","0.0","","0.4","","0.4","","70","","30","E","74","E"
"-52.74","47.62","ST JOHN'S A","8403506","2011-02-18","2011","02","18","","0.8","","-3.4","","-1.3","","19.3","","0.0","","0.0","","0.0","","0.0","","70","","31","E","70","E"
"-52.74","47.62","ST JOHN'S A","8403506","2011-02-19","2011","02","19","","-0.6","","-2.9","","-1.8","","19.8","","0.0","","0.0","","5.0","","3.8","","70","","8","E","56","E"
"-52.74","47.62","ST JOHN'S A","8403506","2011-02-20","2011","02","20","","0.1","","-0.6","","-0.3","","18.3","","0.0","","0.0","T","7.6","","5.6","","75","","8","E","56","E"
"-52.74","47.62","ST JOHN'S A","8403506","2011-02-21","2011","02","21","","0.6","","-1.4","","-0.4","","18.4","","0.0","","0.0","T","1.2","","1.2","","73","","34","E","44","E"
"-52.74","47.62","ST JOHN'S A","8403506","2011-02-22","2011","02","22","","0.0","","-2.0","","-1.0","","19.0","","0.0","","0.0","","3.4","","2.8","","68","","","","<31",""
"-52.74","47.62","ST JOHN'S A","8403506","2011-02-23","2011","02","23","","0.5","","-2.2","","-0.9","","18.9","","0.0","","0.0","","5.6","","5.6","","69","","2","E","65","E"
"-52.74","47.62","ST JOHN'S A","8403506","2011-02-24","2011","02","24","","-1.5","","-5.4","","-3.5","","21.5","","0.0","","0.0","","0.0","T","0.0","T","71","","35","E","41","E"
"-52.74","47.62","ST JOHN'S A","8403506","2011-02-25","2011","02","25","","2.1","","-5.1","","-1.5","","19.5","","0.0","","0.8","","0.0","T","0.8","","71","","19","E","59","E"
"-52.74","47.62","ST JOHN'S A","8403506","2011-02-26","2011","02","26","","4.6","","-7.9","","-1.7","","19.7","","0.0","","27.0","","0.2","","27.2","","61","","29","E","104","E"
"-52.74","47.62","ST JOHN'S A","8403506","2011-02-27","2011","02","27","","-4.7","","-9.6","","-7.2","","25.2","","0.0","","0.0","","0.0","T","0.0","T","50","","29","E","70","E"
"-52.74","47.62","ST JOHN'S A","8403506","2011-02-28","2011","02","28","","-6.1","","-12.3","","-9.2","","27.2","","0.0","","0.0","","0.0","T","0.0","T","50","","35","E","35","E"
"-52.74","47.62","ST JOHN'S A","8403506","2011-03-01","2011","03","01","","5.2","","-6.8","","-0.8","","18.8","","0.0","","2.2","","10.6","","8.9","","57","","18","E","91","E"
"-52.74","47.62","ST JOHN'S A","8403506","2011-03-02","2011","03","02","","-0.4","","-6.3","","-3.4","","21.4","","0.0","","0.0","","0.0","","0.0","","52","","31","E","44","E"
"-52.74","47.62","ST JOHN'S A","8403506","2011-03-03","2011","03","03","","0.1","","-6.1","","-3.0","","21.0","","0.0","","0.0","","1.0","","0.8","","51","","18","E","57","E"
"-52.74","47.62","ST JOHN'S A","8403506","2011-03-04","2011","03","04","","-2.8","","-10.7","","-6.8","","24.8","","0.0","","0.0","","0.0","T","0.0","T","51","","29","E","63","E"
"-52.74","47.62","ST JOHN'S A","8403506","2011-03-05","2011","03","05","","-2.5","","-11.7","","-7.1","","25.1","","0.0","","0.0","","0.0","","0.0","","51","","","","<31",""
"-52.74","47.62","ST JOHN'S A","8403506","2011-03-06","2011","03","06","","3.1","","-5.6","","-1.3","","19.3","","0.0","","0.0","","0.0","","0.0","","51","","24","E","48","E"
"-52.74","47.62","ST JOHN'S A","8403506","2011-03-07","2011","03","07","","8.2","","2.6","","5.4","","12.6","","0.0","","0.0","","0.0","","0.0","","44","","22","E","56","E"
"-52.74","47.62","ST JOHN'S A","8403506","2011-03-08","2011","03","08","","9.5","","-4.1","","2.7","","15.3","","0.0","","0.0","T","0.0","","0.0","T","36","","21","E","72","E"
"-52.74","47.62","ST JOHN'S A","8403506","2011-03-09","2011","03","09","","-1.7","","-4.5","","-3.1","","21.1","","0.0","","0.0","T","0.4","","0.4","","32","","3","E","33","E"
"-52.74","47.62","ST JOHN'S A","8403506","2011-03-10","2011","03","10","","-2.8","","-8.5","","-5.7","","23.7","","0.0","","0.0","","0.0","T","0.0","T","32","","","","<31",""
"-52.74","47.62","ST JOHN'S A","8403506","2011-03-11","2011","03","11","","0.7","","-7.9","","-3.6","","21.6","","0.0","","0.0","","0.0","T","0.0","T","32","","22","E","32","E"
"-52.74","47.62","ST JOHN'S A","8403506","2011-03-12","2011","03","12","","4.8","","0.2","","2.5","","15.5","","0.0","","0.0","T","0.0","","0.0","T","28","","20","E","65","E"
"-52.74","47.62","ST JOHN'S A","8403506","2011-03-13","2011","03","13","","6.7","","-1.1","","2.8","","15.2","","0.0","","3.4","","0.0","","3.4","","18","","19","E","59","E"
"-52.74","47.62","ST JOHN'S A","8403506","2011-03-14","2011","03","14","","1.6","","-4.3","","-1.4","","19.4","","0.0","","0.2","","24.0","","23.8","","16","","","M","","M"
"-52.74","47.62","ST JOHN'S A","8403506","2011-03-15","2011","03","15","","-4.2","","-7.8","","-6.0","","24.0","","0.0","","0.0","","0.6","","0.0","T","27","","36","E","50","E"
"-52.74","47.62","ST JOHN'S A","8403506","2011-03-16","2011","03","16","","2.5","","-6.1","","-1.8","","19.8","","0.0","","0.0","","0.0","","0.0","","27","","26","E","54","E"
"-52.74","47.62","ST JOHN'S A","8403506","2011-03-17","2011","03","17","","6.1","","-1.0","","2.6","","15.4","","0.0","","1.5","","0.0","T","1.5","","21","","22","E","67","E"
"-52.74","47.62","ST JOHN'S A","8403506","2011-03-18","2011","03","18","","4.3","","-0.7","","1.8","","16.2","","0.0","","1.2","","2.0","","3.2","","10","","18","E","46","E"
"-52.74","47.62","ST JOHN'S A","8403506","2011-03-19","2011","03","19","","3.4","","-2.0","","0.7","","17.3","","0.0","","0.0","T","3.8","","3.8","","7","","36","E","57","E"
"-52.74","47.62","ST JOHN'S A","8403506","2011-03-20","2011","03","20","","-1.7","","-6.2","","-4.0","","22.0","","0.0","","0.0","","0.0","T","0.0","T","11","","1","E","52","E"
"-52.74","47.62","ST JOHN'S A","8403506","2011-03-21","2011","03","21","","-2.8","","-6.2","","-4.5","","22.5","","0.0","","0.0","","0.0","T","0.0","T","11","","4","E","33","E"
"-52.74","47.62","ST JOHN'S A","8403506","2011-03-22","2011","03","22","","-1.6","","-4.9","","-3.3","","21.3","","0.0","","0.0","","0.0","T","0.0","T","11","","36","E","57","E"
"-52.74","47.62","ST JOHN'S A","8403506","2011-03-23","2011","03","23","","-1.3","","-3.7","","-2.5","","20.5","","0.0","","0.0","","15.7","","14.8","","11","","34","E","74","E"
"-52.74","47.62","ST JOHN'S A","8403506","2011-03-24","2011","03","24","","0.7","","-3.6","","-1.5","","19.5","","0.0","","0.0","","0.4","","0.4","","20","","31","E","54","E"
"-52.74","47.62","ST JOHN'S A","8403506","2011-03-25","2011","03","25","","0.2","","-3.5","","-1.7","","19.7","","0.0","","0.8","","21.2","","22.0","","24","","4","E","70","E"
"-52.74","47.62","ST JOHN'S A","8403506","2011-03-26","2011","03","26","","-1.3","","-5.2","","-3.3","","21.3","","0.0","","0.0","","2.2","","2.2","","37","","26","E","76","E"
"-52.74","47.62","ST JOHN'S A","8403506","2011-03-27","2011","03","27","","-0.7","","-5.8","","-3.3","","21.3","","0.0","","0.0","","0.0","T","0.0","T","36","","23","E","41","E"
"-52.74","47.62","ST JOHN'S A","8403506","2011-03-28","2011","03","28","","-0.5","","-4.7","","-2.6","","20.6","","0.0","","0.0","","1.0","","1.0","","36","","26","E","35","E"
"-52.74","47.62","ST JOHN'S A","8403506","2011-03-29","2011","03","29","","3.0","","-3.2","","-0.1","","18.1","","0.0","","0.0","","2.4","","1.2","","36","","1","E","44","E"
"-52.74","47.62","ST JOHN'S A","8403506","2011-03-30","2011","03","30","","2.8","","-2.3","","0.3","","17.7","","0.0","","0.0","","2.2","","1.6","","34","","30","E","46","E"
"-52.74","47.62","ST JOHN'S A","8403506","2011-03-31","2011","03","31","","1.8","","-1.9","","-0.1","","18.1","","0.0","","0.0","","0.6","","0.4","","34","","1","E","35","E"
"-52.74","47.62","ST JOHN'S A","8403506","2011-04-01","2011","04","01","","4.8","","-1.3","","1.8","","16.2","","0.0","","0.0","","0.0","T","0.0","T","32","","16","E","57","E"
"-52.74","47.62","ST JOHN'S A","8403506","2011-04-02","2011","04","02","","6.4","","-0.6","","2.9","","15.1","","0.0","","11.8","","7.4","","19.2","","31","","26","E","67","E"
"-52.74","47.62","ST JOHN'S A","8403506","2011-04-03","2011","04","03","","2.6","","-1.5","","0.6","","17.4","","0.0","","0.0","T","2.4","","2.4","","26","","25","E","56","E"
"-52.74","47.62","ST JOHN'S A","8403506","2011-04-04","2011","04","04","","1.2","","-7.6","","-3.2","","21.2","","0.0","","0.0","","0.0","T","0.0","T","24","","34","E","37","E"
"-52.74","47.62","ST JOHN'S A","8403506","2011-04-05","2011","04","05","","10.0","","-6.8","","1.6","","16.4","","0.0","","1.2","","1.0","","2.6","","22","","18","E","72","E"
"-52.74","47.62","ST JOHN'S A","8403506","2011-04-06","2011","04","06","","13.2","","-0.1","","6.6","","11.4","","0.0","","1.6","","0.0","","1.6","","16","","24","E","80","E"
"-52.74","47.62","ST JOHN'S A","8403506","2011-04-07","2011","04","07","","3.6","","-2.2","","0.7","","17.3","","0.0","","0.0","","2.0","","2.0","","4","","36","E","52","E"
"-52.74","47.62","ST JOHN'S A","8403506","2011-04-08","2011","04","08","","0.3","","-6.9","","-3.3","","21.3","","0.0","","0.0","","2.8","","1.6","","7","","35","E","46","E"
"-52.74","47.62","ST JOHN'S A","8403506","2011-04-09","2011","04","09","","2.1","","-6.6","","-2.3","","20.3","","0.0","","0.0","","0.0","T","0.0","T","4","","28","E","37","E"
"-52.74","47.62","ST JOHN'S A","8403506","2011-04-10","2011","04","10","","5.6","","-4.2","","0.7","","17.3","","0.0","","0.0","","0.0","","0.0","","4","","26","E","39","E"
"-52.74","47.62","ST JOHN'S A","8403506","2011-04-11","2011","04","11","","9.1","","-0.2","","4.5","","13.5","","0.0","","0.0","","0.0","","0.0","","2","","22","E","78","E"
"-52.74","47.62","ST JOHN'S A","8403506","2011-04-12","2011","04","12","","9.8","","-0.7","","4.6","","13.4","","0.0","","5.4","","0.0","T","5.4","","0","T","24","E","95","E"
"-52.74","47.62","ST JOHN'S A","8403506","2011-04-13","2011","04","13","","6.8","","-0.9","","3.0","","15.0","","0.0","","0.0","","0.0","","0.0","","0","T","33","E","56","E"
"-52.74","47.62","ST JOHN'S A","8403506","2011-04-14","2011","04","14","","11.8","","0.9","","6.4","","11.6","","0.0","","1.6","","0.0","","1.6","","0","T","22","E","69","E"
"-52.74","47.62","ST JOHN'S A","8403506","2011-04-15","2011","04","15","","5.4","","-7.4","","-1.0","","19.0","","0.0","","0.4","","0.0","T","0.4","","0","T","1","E","50","E"
"-52.74","47.62","ST JOHN'S A","8403506","2011-04-16","2011","04","16","","1.1","","-8.5","","-3.7","","21.7","","0.0","","0.0","","0.0","T","0.0","T","0","T","27","E","39","E"
"-52.74","47.62","ST JOHN'S A","8403506","2011-04-17","2011","04","17","","6.4","","-2.9","","1.8","","16.2","","0.0","","0.8","","0.0","","0.8","","0","T","19","E","72","E"
"-52.74","47.62","ST JOHN'S A","8403506","2011-04-18","2011","04","18","","11.4","","2.2","","6.8","","11.2","","0.0","","5.4","","0.0","","5.4","","0","T","19","E","80","E"
"-52.74","47.62","ST JOHN'S A","8403506","2011-04-19","2011","04","19","","12.0","","1.0","","6.5","","11.5","","0.0","","6.6","","0.0","","6.6","","0","","22","E","57","E"
"-52.74","47.62","ST JOHN'S A","8403506","2011-04-20","2011","04","20","","5.8","","-0.8","","2.5","","15.5","","0.0","","0.0","","0.0","","0.0","","0","","29","E","67","E"
"-52.74","47.62","ST JOHN'S A","8403506","2011-04-21","2011","04","21","","2.7","","-2.0","","0.4","","17.6","","0.0","","0.6","","11.8","","12.4","","9","","29","E","50","E"
"-52.74","47.62","ST JOHN'S A","8403506","2011-04-22","2011","04","22","","1.6","","-4.0","","-1.2","","19.2","","0.0","","0.0","T","1.8","","1.8","","2","","29","E","57","E"
"-52.74","47.62","ST JOHN'S A","8403506","2011-04-23","2011","04","23","","11.6","","-2.8","","4.4","","13.6","","0.0","","0.0","","0.0","","0.0","","0","T","26","E","41","E"
"-52.74","47.62","ST JOHN'S A","8403506","2011-04-24","2011","04","24","","6.6","","1.6","","4.1","","13.9","","0.0","","4.8","","2.2","","7.0","","0","T","19","E","72","E"
"-52.74","47.62","ST JOHN'S A","8403506","2011-04-25","2011","04","25","","8.6","","0.3","","4.5","","13.5","","0.0","","0.0","","0.0","","0.0","","0","","","","<31",""
"-52.74","47.62","ST JOHN'S A","8403506","2011-04-26","2011","04","26","","10.7","","3.0","","6.9","","11.1","","0.0","","0.0","","0.0","","0.0","","0","","33","E","44","E"
"-52.74","47.62","ST JOHN'S A","8403506","2011-04-27","2011","04","27","","3.1","","-1.4","","0.9","","17.1","","0.0","","0.0","","0.0","T","0.0","T","0","","","","<31",""
"-52.74","47.62","ST JOHN'S A","8403506","2011-04-28","2011","04","28","","2.7","","-1.1","","0.8","","17.2","","0.0","","10.4","","0.4","","10.8","","0","","","M","","M"
"-52.74","47.62","ST JOHN'S A","8403506","2011-04-29","2011","04","29","","15.8","","0.8","","8.3","","9.7","","0.0","","0.0","T","0.0","","0.0","T","0","","26","E","69","E"
"-52.74","47.62","ST JOHN'S A","8403506","2011-04-30","2011","04","30","","12.1","","1.1","","6.6","","11.4","","0.0","","4.4","","0.0","","4.4","","0","","3","E","32","E"
"-52.74","47.62","ST JOHN'S A","8403506","2011-05-01","2011","05","01","","2.5","","-2.1","","0.2","","17.8","","0.0","","0.0","T","0.0","","0.0","T","0","","4","E","46","E"
"-52.74","47.62","ST JOHN'S A","8403506","2011-05-02","2011","05","02","","3.4","","-2.1","","0.7","","17.3","","0.0","","0.0","T","0.0","","0.0","T","0","","6","E","39","E"
"-52.74","47.62","ST JOHN'S A","8403506","2011-05-03","2011","05","03","","6.5","","-0.1","","3.2","","14.8","","0.0","","0.0","","0.0","","0.0","","0","","","","<31",""
"-52.74","47.62","ST JOHN'S A","8403506","2011-05-04","2011","05","04","","13.4","","0.5","","7.0","","11.0","","0.0","","0.0","","0.0","","0.0","","0","","25","E","35","E"
"-52.74","47.62","ST JOHN'S A","8403506","2011-05-05","2011","05","05","","17.3","","1.3","","9.3","","8.7","","0.0","","0.0","T","0.0","","0.0","T","0","","26","E","41","E"
"-52.74","47.62","ST JOHN'S A","8403506","2011-05-06","2011","05","06","","4.3","","0.9","","2.6","","15.4","","0.0","","0.4","","0.0","","0.4","","0","","12","E","39","E"
"-52.74","47.62","ST JOHN'S A","8403506","2011-05-07","2011","05","07","","5.7","","1.7","","3.7","","14.3","","0.0","","0.2","","0.0","","0.2","","0","","","","<31",""
"-52.74","47.62","ST JOHN'S A","8403506","2011-05-08","2011","05","08","","6.2","","2.0","","4.1","","13.9","","0.0","","0.4","","0.0","","0.4","","0","","","","<31",""
"-52.74","47.62","ST JOHN'S A","8403506","2011-05-09","2011","05","09","","9.7","","2.5","","6.1","","11.9","","0.0","","0.0","","0.0","","0.0","","0","","","","<31",""
"-52.74","47.62","ST JOHN'S A","8403506","2011-05-10","2011","05","10","","12.0","","3.6","","7.8","","10.2","","0.0","","0.0","","0.0","","0.0","","0","","","","<31",""
"-52.74","47.62","ST JOHN'S A","8403506","2011-05-11","2011","05","11","","8.0","","3.4","","5.7","","12.3","","0.0","","0.0","","0.0","","0.0","","0","","10","E","50","E"
"-52.74","47.62","ST JOHN'S A","8403506","2011-05-12","2011","05","12","","7.6","","3.7","","5.7","","12.3","","0.0","","15.0","","0.0","","15.0","","0","","13","E","46","E"
"-52.74","47.62","ST JOHN'S A","8403506","2011-05-13","2011","05","13","","14.1","","2.8","","8.5","","9.5","","0.0","","0.8","","0.0","","0.8","","0","","","","<31",""
"-52.74","47.62","ST JOHN'S A","8403506","2011-05-14","2011","05","14","","4.6","","2.1","","3.4","","14.6","","0.0","","0.4","","0.0","","0.4","","0","","4","E","32","E"
"-52.74","47.62","ST JOHN'S A","8403506","2011-05-15","2011","05","15","","11.9","","2.1","","7.0","","11.0","","0.0","","0.0","T","0.0","","0.0","T","0","","27","E","39","E"
"-52.74","47.62","ST JOHN'S A","8403506","2011-05-16","2011","05","16","","8.1","","1.5","","4.8","","13.2","","0.0","","0.0","","0.0","","0.0","","0","","","","<31",""
"-52.74","47.62","ST JOHN'S A","8403506","2011-05-17","2011","05","17","","10.4","","1.8","","6.1","","11.9","","0.0","","0.0","T","0.0","","0.0","T","0","","","","<31",""
"-52.74","47.62","ST JOHN'S A","8403506","2011-05-18","2011","05","18","","12.2","","6.6","","9.4","","8.6","","0.0","","2.6","","0.0","","2.6","","0","","","","<31",""
"-52.74","47.62","ST JOHN'S A","8403506","2011-05-19","2011","05","19","","18.7","","2.4","","10.6","","7.4","","0.0","","0.6","","0.0","","0.6","","0","","27","E","48","E"
"-52.74","47.62","ST JOHN'S A","8403506","2011-05-20","2011","05","20","","12.3","","2.3","","7.3","","10.7","","0.0","","0.6","","0.0","","0.6","","0","","25","E","50","E"
"-52.74","47.62","ST JOHN'S A","8403506","2011-05-21","2011","05","21","","12.0","","1.0","","6.5","","11.5","","0.0","","18.8","","0.0","","18.8","","0","","26","E","52","E"
"-52.74","47.62","ST JOHN'S A","8403506","2011-05-22","2011","05","22","","4.2","","0.9","","2.6","","15.4","","0.0","","0.0","","0.0","","0.0","","0","","8","E","41","E"
"-52.74","47.62","ST JOHN'S A","8403506","2011-05-23","2011","05","23","","6.7","","1.4","","4.1","","13.9","","0.0","","0.0","","0.0","","0.0","","0","","","","<31",""
"-52.74","47.62","ST JOHN'S A","8403506","2011-05-24","2011","05","24","","12.5","","1.1","","6.8","","11.2","","0.0","","0.0","","0.0","","0.0","","0","","21","E","39","E"
"-52.74","47.62","ST JOHN'S A","8403506","2011-05-25","2011","05","25","","18.7","","5.7","","12.2","","5.8","","0.0","","5.4","","0.0","","5.4","","0","","24","E","54","E"
"-52.74","47.62","ST JOHN'S A","8403506","2011-05-26","2011","05","26","","17.8","","10.4","","14.1","","3.9","","0.0","","1.6","","0.0","","1.6","","0","","24","E","46","E"
"-52.74","47.62","ST JOHN'S A","8403506","2011-05-27","2011","05","27","","22.1","","15.0","","18.6","","0.0","","0.6","","1.0","","0.0","","1.0","","0","","25","E","61","E"
"-52.74","47.62","ST JOHN'S A","8403506","2011-05-28","2011","05","28","","16.1","","3.4","","9.8","","8.2","","0.0","","10.2","","0.0","","10.2","","0","","26","E","37","E"
"-52.74","47.62","ST JOHN'S A","8403506","2011-05-29","2011","05","29","","19.8","","4.3","","12.1","","5.9","","0.0","","0.4","","0.0","","0.4","","0","","25","E","54","E"
"-52.74","47.62","ST JOHN'S A","8403506","2011-05-30","2011","05","30","","15.8","","8.7","","12.3","","5.7","","0.0","","19.0","","0.0","","19.0","","0","","25","E","59","E"
"-52.74","47.62","ST JOHN'S A","8403506","2011-05-31","2011","05","31","","9.1","","1.7","","5.4","","12.6","","0.0","","1.4","","0.0","","1.4","","0","","1","E","52","E"
"-52.74","47.62","ST JOHN'S A","8403506","2011-06-01","2011","06","01","","9.5","","1.6","","5.6","","12.4","","0.0","","0.2","","0.0","","0.2","","0","","21","E","33","E"
"-52.74","47.62","ST JOHN'S A","8403506","2011-06-02","2011","06","02","","9.7","","4.0","","6.9","","11.1","","0.0","","6.8","","0.0","","6.8","","0","","20","E","61","E"
"-52.74","47.62","ST JOHN'S A","8403506","2011-06-03","2011","06","03","","16.9","","8.1","","12.5","","5.5","","0.0","","0.0","T","0.0","","0.0","T","0","","20","E","69","E"
"-52.74","47.62","ST JOHN'S A","8403506","2011-06-04","2011","06","04","","14.9","","6.7","","10.8","","7.2","","0.0","","0.0","T","0.0","","0.0","T","0","","17","E","39","E"
"-52.74","47.62","ST JOHN'S A","8403506","2011-06-05","2011","06","05","","9.8","","6.7","","8.3","","9.7","","0.0","","4.0","","0.0","","4.0","","0","","","","<31",""
"-52.74","47.62","ST JOHN'S A","8403506","2011-06-06","2011","06","06","","10.9","","6.9","","8.9","","9.1","","0.0","","1.4","","0.0","","1.4","","0","","","","<31",""
"-52.74","47.62","ST JOHN'S A","8403506","2011-06-07","2011","06","07","","8.4","","6.6","","7.5","","10.5","","0.0","","8.4","","0.0","","8.4","","0","","","","<31",""
"-52.74","47.62","ST JOHN'S A","8403506","2011-06-08","2011","06","08","","13.9","","7.6","","10.8","","7.2","","0.0","","1.6","","0.0","","1.6","","0","","","","<31",""
"-52.74","47.62","ST JOHN'S A","8403506","2011-06-09","2011","06","09","","14.6","","8.3","","11.5","","6.5","","0.0","","0.2","","0.0","","0.2","","0","","","","<31",""
"-52.74","47.62","ST JOHN'S A","8403506","2011-06-10","2011","06","10","","18.3","","12.4","","15.4","","2.6","","0.0","","0.2","","0.0","","0.2","","0","","","","<31",""
"-52.74","47.62","ST JOHN'S A","8403506","2011-06-11","2011","06","11","","12.8","","3.6","","8.2","","9.8","","0.0","","11.2","","0.0","","11.2","","0","","31","E","44","E"
"-52.74","47.62","ST JOHN'S A","8403506","2011-06-12","2011","06","12","","7.6","","3.5","","5.6","","12.4","","0.0","","1.6","","0.0","","1.6","","0","","35","E","56","E"
"-52.74","47.62","ST JOHN'S A","8403506","2011-06-13","2011","06","13","","11.4","","5.3","","8.4","","9.6","","0.0","","0.0","T","0.0","","0.0","T","0","","","","<31",""
"-52.74","47.62","ST JOHN'S A","8403506","2011-06-14","2011","06","14","","11.9","","5.5","","8.7","","9.3","","0.0","","0.0","","0.0","","0.0","","0","","","","<31",""
"-52.74","47.62","ST JOHN'S A","8403506","2011-06-15","2011","06","15","","9.1","","5.8","","7.5","","10.5","","0.0","","1.6","","0.0","","1.6","","0","","10","E","50","E"
"-52.74","47.62","ST JOHN'S A","8403506","2011-06-16","2011","06","16","","7.4","","5.8","","6.6","","11.4","","0.0","","13.6","","0.0","","13.6","","0","","10","E","46","E"
"-52.74","47.62","ST JOHN'S A","8403506","2011-06-17","2011","06","17","","8.5","","5.4","","7.0","","11.0","","0.0","","3.2","","0.0","","3.2","","0","","","","<31",""
"-52.74","47.62","ST JOHN'S A","8403506","2011-06-18","2011","06","18","","9.7","","5.2","","7.5","","10.5","","0.0","","0.0","","0.0","","0.0","","0","","","","<31",""
"-52.74","47.62","ST JOHN'S A","8403506","2011-06-19","2011","06","19","","8.8","","5.0","","6.9","","11.1","","0.0","","0.0","T","0.0","","0.0","T","0","","16","E","50","E"
"-52.74","47.62","ST JOHN'S A","8403506","2011-06-20","2011","06","20","","8.5","","6.5","","7.5","","10.5","","0.0","","24.8","","0.0","","24.8","","0","","15","E","69","E"
"-52.74","47.62","ST JOHN'S A","8403506","2011-06-21","2011","06","21","","13.7","","7.0","","10.4","","7.6","","0.0","","4.0","","0.0","","4.0","","0","","28","E","37","E"
"-52.74","47.62","ST JOHN'S A","8403506","2011-06-22","2011","06","22","","11.1","","5.5","","8.3","","9.7","","0.0","","3.0","","0.0","","3.0","","0","","34","E","33","E"
"-52.74","47.62","ST JOHN'S A","8403506","2011-06-23","2011","06","23","","8.2","","5.4","","6.8","","11.2","","0.0","","4.2","","0.0","","4.2","","0","","35","E","46","E"
"-52.74","47.62","ST JOHN'S A","8403506","2011-06-24","2011","06","24","","7.3","","5.2","","6.3","","11.7","","0.0","","1.2","","0.0","","1.2","","0","","36","E","46","E"
"-52.74","47.62","ST JOHN'S A","8403506","2011-06-25","2011","06","25","","12.5","","5.7","","9.1","","8.9","","0.0","","0.0","","0.0","","0.0","","0","","","","<31",""
"-52.74","47.62","ST JOHN'S A","8403506","2011-06-26","2011","06","26","","11.6","","7.2","","9.4","","8.6","","0.0","","2.0","","0.0","","2.0","","0","","17","E","46","E"
"-52.74","47.62","ST JOHN'S A","8403506","2011-06-27","2011","06","27","","19.4","","9.8","","14.6","","3.4","","0.0","","1.6","","0.0","","1.6","","0","","26","E","32","E"
"-52.74","47.62","ST JOHN'S A","8403506","2011-06-28","2011","06","28","","15.0","","6.9","","11.0","","7.0","","0.0","","0.2","","0.0","","0.2","","0","","28","E","33","E"
"-52.74","47.62","ST JOHN'S A","8403506","2011-06-29","2011","06","29","","12.2","","6.7","","9.5","","8.5","","0.0","","0.0","","0.0","","0.0","","0","","","","<31",""
"-52.74","47.62","ST JOHN'S A","8403506","2011-06-30","2011","06","30","","17.1","","7.4","","12.3","","5.7","","0.0","","5.0","","0.0","","5.0","","0","","13","E","35","E"
"-52.74","47.62","ST JOHN'S A","8403506","2011-07-01","2011","07","01","","18.4","","7.6","","13.0","","5.0","","0.0","","0.6","","0.0","","0.6","","","","13","","32",""
"-52.74","47.62","ST JOHN'S A","8403506","2011-07-02","2011","07","02","","21.1","","10.6","","15.9","","2.1","","0.0","","0.0","T","0.0","","0.0","T","","","27","","44",""
"-52.74","47.62","ST JOHN'S A","8403506","2011-07-03","2011","07","03","","21.9","","11.6","","16.8","","1.2","","0.0","","0.0","","0.0","","0.0","","","","29","","48",""
"-52.74","47.62","ST JOHN'S A","8403506","2011-07-04","2011","07","04","","23.8","","12.9","","18.4","","0.0","","0.4","","0.0","","0.0","","0.0","","","","","","<31",""
"-52.74","47.62","ST JOHN'S A","8403506","2011-07-05","2011","07","05","","22.2","","15.3","","18.8","","0.0","","0.8","","7.2","","0.0","","7.2","","","","27","","37",""
"-52.74","47.62","ST JOHN'S A","8403506","2011-07-06","2011","07","06","","25.1","","13.9","","19.5","","0.0","","1.5","","0.0","","0.0","","0.0","","","","27","","41",""
"-52.74","47.62","ST JOHN'S A","8403506","2011-07-07","2011","07","07","","25.0","","12.9","","19.0","","0.0","","1.0","","0.0","T","0.0","","0.0","T","","","26","","48",""
"-52.74","47.62","ST JOHN'S A","8403506","2011-07-08","2011","07","08","","22.8","","10.6","","16.7","","1.3","","0.0","","0.0","","0.0","","0.0","","","","27","","48",""
"-52.74","47.62","ST JOHN'S A","8403506","2011-07-09","2011","07","09","","20.4","","9.8","","15.1","","2.9","","0.0","","15.8","","0.0","","15.8","","","","20","","50",""
"-52.74","47.62","ST JOHN'S A","8403506","2011-07-10","2011","07","10","","17.8","","10.4","","14.1","","3.9","","0.0","","2.4","","0.0","","2.4","","","","24","","93",""
"-52.74","47.62","ST JOHN'S A","8403506","2011-07-11","2011","07","11","","23.1","","10.6","","16.9","","1.1","","0.0","","0.0","","0.0","","0.0","","","","26","","50",""
"-52.74","47.62","ST JOHN'S A","8403506","2011-07-12","2011","07","12","","22.3","","15.0","","18.7","","0.0","","0.7","","0.0","T","0.0","","0.0","T","","","24","","52",""
"-52.74","47.62","ST JOHN'S A","8403506","2011-07-13","2011","07","13","","18.4","","6.8","","12.6","","5.4","","0.0","","5.6","","0.0","","5.6","","","","24","","50",""
"-52.74","47.62","ST JOHN'S A","8403506","2011-07-14","2011","07","14","","8.0","","6.3","","7.2","","10.8","","0.0","","31.4","","0.0","","31.4","","","","7","","37",""
"-52.74","47.62","ST JOHN'S A","8403506","2011-07-15","2011","07","15","","20.2","","7.1","","13.7","","4.3","","0.0","","23.0","","0.0","","23.0","","","","19","","70",""
"-52.74","47.62","ST JOHN'S A","8403506","2011-07-16","2011","07","16","","23.8","","13.8","","18.8","","0.0","","0.8","","12.4","","0.0","","12.4","","","","19","","46",""
"-52.74","47.62","ST JOHN'S A","8403506","2011-07-17","2011","07","17","","18.8","","11.4","","15.1","","2.9","","0.0","","0.6","","0.0","","0.6","","","","26","","52",""
"-52.74","47.62","ST JOHN'S A","8403506","2011-07-18","2011","07","18","","23.0","","11.4","","17.2","","0.8","","0.0","","6.6","","0.0","","6.6","","","","25","","57",""
"-52.74","47.62","ST JOHN'S A","8403506","2011-07-19","2011","07","19","","20.2","","13.6","","16.9","","1.1","","0.0","","6.6","","0.0","","6.6","","","","19","","44",""
"-52.74","47.62","ST JOHN'S A","8403506","2011-07-20","2011","07","20","","21.5","","15.2","","18.4","","0.0","","0.4","","0.2","","0.0","","0.2","","","","23","","35",""
"-52.74","47.62","ST JOHN'S A","8403506","2011-07-21","2011","07","21","","19.3","","14.2","","16.8","","1.2","","0.0","","0.2","","0.0","","0.2","","","","26","","48",""
"-52.74","47.62","ST JOHN'S A","8403506","2011-07-22","2011","07","22","","20.0","","12.7","","16.4","","1.6","","0.0","","7.2","","0.0","","7.2","","","","25","","63",""
"-52.74","47.62","ST JOHN'S A","8403506","2011-07-23","2011","07","23","","19.0","","9.0","","14.0","","4.0","","0.0","","0.8","","0.0","","0.8","","","","","","<31",""
"-52.74","47.62","ST JOHN'S A","8403506","2011-07-24","2011","07","24","","20.5","","9.1","","14.8","","3.2","","0.0","","5.4","","0.0","","5.4","","","","26","","59",""
"-52.74","47.62","ST JOHN'S A","8403506","2011-07-25","2011","07","25","","23.1","","9.8","","16.5","","1.5","","0.0","","0.0","","0.0","","0.0","","","","27","","32",""
"-52.74","47.62","ST JOHN'S A","8403506","2011-07-26","2011","07","26","","23.6","","12.1","","17.9","","0.1","","0.0","","0.0","T","0.0","","0.0","T","","","20","","35",""
"-52.74","47.62","ST JOHN'S A","8403506","2011-07-27","2011","07","27","","13.4","","9.6","","11.5","","6.5","","0.0","","2.4","","0.0","","2.4","","","","8","","37",""
"-52.74","47.62","ST JOHN'S A","8403506","2011-07-28","2011","07","28","","12.1","","9.2","","10.7","","7.3","","0.0","","9.8","","0.0","","9.8","","","","","","<31",""
"-52.74","47.62","ST JOHN'S A","8403506","2011-07-29","2011","07","29","","15.4","","9.3","","12.4","","5.6","","0.0","","6.6","","0.0","","6.6","","","","","","<31",""
"-52.74","47.62","ST JOHN'S A","8403506","2011-07-30","2011","07","30","","18.2","","10.8","","14.5","","3.5","","0.0","","0.0","T","0.0","","0.0","T","","","","","<31",""
"-52.74","47.62","ST JOHN'S A","8403506","2011-07-31","2011","07","31","","17.5","","11.0","","14.3","","3.7","","0.0","","5.4","","0.0","","5.4","","","","26","","35",""
"-52.74","47.62","ST JOHN'S A","8403506","2011-08-01","2011","08","01","","18.4","","7.4","","12.9","","5.1","","0.0","","0.0","T","0.0","","0.0","T","0","","31","E","32","E"
"-52.74","47.62","ST JOHN'S A","8403506","2011-08-02","2011","08","02","","13.9","","5.8","","9.9","","8.1","","0.0","","0.6","","0.0","","0.6","","0","","","","<31",""
"-52.74","47.62","ST JOHN'S A","8403506","2011-08-03","2011","08","03","","13.3","","9.6","","11.5","","6.5","","0.0","","1.4","","0.0","","1.4","","0","","","","<31",""
"-52.74","47.62","ST JOHN'S A","8403506","2011-08-04","2011","08","04","","12.0","","10.1","","11.1","","6.9","","0.0","","0.8","","0.0","","0.8","","0","","","","<31",""
"-52.74","47.62","ST JOHN'S A","8403506","2011-08-05","2011","08","05","","11.0","","10.1","","10.6","","7.4","","0.0","","7.4","","0.0","","7.4","","0","","8","E","44","E"
"-52.74","47.62","ST JOHN'S A","8403506","2011-08-06","2011","08","06","","10.3","","9.5","","9.9","","8.1","","0.0","","33.6","","0.0","","33.6","","0","","5","E","65","E"
"-52.74","47.62","ST JOHN'S A","8403506","2011-08-07","2011","08","07","","10.1","","9.0","","9.6","","8.4","","0.0","","5.8","","0.0","","5.8","","0","","3","E","61","E"
"-52.74","47.62","ST JOHN'S A","8403506","2011-08-08","2011","08","08","","11.7","","8.4","","10.1","","7.9","","0.0","","1.6","","0.0","","1.6","","0","","","","<31",""
"-52.74","47.62","ST JOHN'S A","8403506","2011-08-09","2011","08","09","","10.7","","8.2","","9.5","","8.5","","0.0","","0.4","","0.0","","0.4","","0","","","","<31",""
"-52.74","47.62","ST JOHN'S A","8403506","2011-08-10","2011","08","10","","10.7","","8.0","","9.4","","8.6","","0.0","","0.2","","0.0","","0.2","","0","","","","<31",""
"-52.74","47.62","ST JOHN'S A","8403506","2011-08-11","2011","08","11","","11.6","","8.3","","10.0","","8.0","","0.0","","1.4","","0.0","","1.4","","0","","11","E","33","E"
"-52.74","47.62","ST JOHN'S A","8403506","2011-08-12","2011","08","12","","19.9","","11.4","","15.7","","2.3","","0.0","","0.0","T","0.0","","0.0","T","0","","27","E","32","E"
"-52.74","47.62","ST JOHN'S A","8403506","2011-08-13","2011","08","13","","21.9","","12.2","","17.1","","0.9","","0.0","","0.0","T","0.0","","0.0","T","0","","28","E","32","E"
"-52.74","47.62","ST JOHN'S A","8403506","2011-08-14","2011","08","14","","18.3","","10.9","","14.6","","3.4","","0.0","","0.0","","0.0","","0.0","","0","","","","<31",""
"-52.74","47.62","ST JOHN'S A","8403506","2011-08-15","2011","08","15","","23.7","","13.0","","18.4","","0.0","","0.4","","0.0","T","0.0","","0.0","T","0","","27","E","44","E"
"-52.74","47.62","ST JOHN'S A","8403506","2011-08-16","2011","08","16","","21.3","","13.5","","17.4","","0.6","","0.0","","30.4","","0.0","","30.4","","0","","16","E","44","E"
"-52.74","47.62","ST JOHN'S A","8403506","2011-08-17","2011","08","17","","23.3","","12.2","","17.8","","0.2","","0.0","","4.4","","0.0","","4.4","","0","","26","E","54","E"
"-52.74","47.62","ST JOHN'S A","8403506","2011-08-18","2011","08","18","","21.9","","11.4","","16.7","","1.3","","0.0","","0.0","","0.0","","0.0","","0","","27","E","56","E"
"-52.74","47.62","ST JOHN'S A","8403506","2011-08-19","2011","08","19","","22.5","","11.8","","17.2","","0.8","","0.0","","0.0","","0.0","","0.0","","0","","26","E","44","E"
"-52.74","47.62","ST JOHN'S A","8403506","2011-08-20","2011","08","20","","22.0","","10.2","","16.1","","1.9","","0.0","","0.0","T","0.0","","0.0","T","0","","","","<31",""
"-52.74","47.62","ST JOHN'S A","8403506","2011-08-21","2011","08","21","","22.3","","14.2","","18.3","","0.0","","0.3","","0.0","T","0.0","","0.0","T","0","","","","<31",""
"-52.74","47.62","ST JOHN'S A","8403506","2011-08-22","2011","08","22","","20.4","","12.1","","16.3","","1.7","","0.0","","0.0","","0.0","","0.0","","0","","","","<31",""
"-52.74","47.62","ST JOHN'S A","8403506","2011-08-23","2011","08","23","","18.7","","12.5","","15.6","","2.4","","0.0","","2.8","","0.0","","2.8","","0","","27","E","41","E"
"-52.74","47.62","ST JOHN'S A","8403506","2011-08-24","2011","08","24","","21.8","","12.6","","17.2","","0.8","","0.0","","0.0","","0.0","","0.0","","0","","28","E","41","E"
"-52.74","47.62","ST JOHN'S A","8403506","2011-08-25","2011","08","25","","23.3","","12.1","","17.7","","0.3","","0.0","","0.0","","0.0","","0.0","","0","","","M","","M"
"-52.74","47.62","ST JOHN'S A","8403506","2011-08-26","2011","08","26","","23.3","","16.7","","20.0","","0.0","","2.0","","0.8","","0.0","","0.8","","0","","","M","","M"
"-52.74","47.62","ST JOHN'S A","8403506","2011-08-27","2011","08","27","","22.2","","14.2","","18.2","","0.0","","0.2","","0.0","","0.0","","0.0","","0","","28","E","46","E"
"-52.74","47.62","ST JOHN'S A","8403506","2011-08-28","2011","08","28","","26.0","","10.0","","18.0","","0.0","","0.0","","0.0","","0.0","","0.0","","0","","","","<31",""
"-52.74","47.62","ST JOHN'S A","8403506","2011-08-29","2011","08","29","","26.6","","17.0","","21.8","","0.0","","3.8","","0.0","T","0.0","","0.0","T","0","","23","E","70","E"
"-52.74","47.62","ST JOHN'S A","8403506","2011-08-30","2011","08","30","","22.5","","13.4","","18.0","","0.0","","0.0","","5.6","","0.0","","5.6","","0","","25","E","67","E"
"-52.74","47.62","ST JOHN'S A","8403506","2011-08-31","2011","08","31","","16.8","","12.6","","14.7","","3.3","","0.0","","3.2","","0.0","","3.2","","0","","","","<31",""
"-52.74","47.62","ST JOHN'S A","8403506","2011-09-01","2011","09","01","","15.6","","8.8","","12.2","","5.8","","0.0","","0.4","","0.0","","0.4","","","","","","<31",""
"-52.74","47.62","ST JOHN'S A","8403506","2011-09-02","2011","09","02","","21.1","","9.6","","15.4","","2.6","","0.0","","0.0","","0.0","","0.0","","","","24","","35",""
"-52.74","47.62","ST JOHN'S A","8403506","2011-09-03","2011","09","03","","21.9","","11.5","","16.7","","1.3","","0.0","","0.0","","0.0","","0.0","","","","19","","33",""
"-52.74","47.62","ST JOHN'S A","8403506","2011-09-04","2011","09","04","","22.9","","13.6","","18.3","","0.0","","0.3","","0.0","","0.0","","0.0","","","","28","E","35","E"
"-52.74","47.62","ST JOHN'S A","8403506","2011-09-05","2011","09","05","","24.4","","13.3","","18.9","","0.0","","0.9","","0.0","","0.0","","0.0","","","","24","","52",""
"-52.74","47.62","ST JOHN'S A","8403506","2011-09-06","2011","09","06","","25.0","","14.3","","19.7","","0.0","","1.7","","1.2","","0.0","","1.2","","","","26","","54",""
"-52.74","47.62","ST JOHN'S A","8403506","2011-09-07","2011","09","07","","14.5","","7.2","","10.9","","7.1","","0.0","","2.4","","0.0","","2.4","","","","33","","87",""
"-52.74","47.62","ST JOHN'S A","8403506","2011-09-08","2011","09","08","","15.1","","11.4","","13.3","","4.7","","0.0","","6.4","","0.0","","6.4","","","","25","E","50","E"
"-52.74","47.62","ST JOHN'S A","8403506","2011-09-09","2011","09","09","","19.7","","11.6","","15.7","","2.3","","0.0","","0.0","","0.0","","0.0","","","","26","","54",""
"-52.74","47.62","ST JOHN'S A","8403506","2011-09-10","2011","09","10","","12.7","","4.8","","8.8","","9.2","","0.0","","0.0","T","0.0","","0.0","T","","","35","","59",""
"-52.74","47.62","ST JOHN'S A","8403506","2011-09-11","2011","09","11","","14.3","","5.1","","9.7","","8.3","","0.0","","0.0","","0.0","","0.0","","","","25","E","57","E"
"-52.74","47.62","ST JOHN'S A","8403506","2011-09-12","2011","09","12","","18.0","","11.1","","14.6","","3.4","","0.0","","0.0","","0.0","","0.0","","","","34","","65",""
"-52.74","47.62","ST JOHN'S A","8403506","2011-09-13","2011","09","13","","20.8","","11.2","","16.0","","2.0","","0.0","","0.0","T","0.0","","0.0","T","","","26","","35",""
"-52.74","47.62","ST JOHN'S A","8403506","2011-09-14","2011","09","14","","22.5","","13.0","","17.8","","0.2","","0.0","","0.0","T","0.0","","0.0","T","","","25","","57",""
"-52.74","47.62","ST JOHN'S A","8403506","2011-09-15","2011","09","15","","23.2","","15.9","","19.6","","0.0","","1.6","","0.0","T","0.0","","0.0","T","","","18","","43",""
"-52.74","47.62","ST JOHN'S A","8403506","2011-09-16","2011","09","16","","19.0","","9.6","","14.3","","3.7","","0.0","","18.0","","0.0","","18.0","","","","25","","80",""
"-52.74","47.62","ST JOHN'S A","8403506","2011-09-17","2011","09","17","","14.6","","6.1","","10.4","","7.6","","0.0","","0.0","T","0.0","","0.0","T","","","26","","87",""
"-52.74","47.62","ST JOHN'S A","8403506","2011-09-18","2011","09","18","","15.5","","6.1","","10.8","","7.2","","0.0","","0.0","","0.0","","0.0","","","","","","<31",""
"-52.74","47.62","ST JOHN'S A","8403506","2011-09-19","2011","09","19","","17.8","","6.8","","12.3","","5.7","","0.0","","0.0","","0.0","","0.0","","","","","","<31",""
"-52.74","47.62","ST JOHN'S A","8403506","2011-09-20","2011","09","20","","14.0","","9.5","","11.8","","6.2","","0.0","","17.0","","0.0","","17.0","","","","30","E","56","E"
"-52.74","47.62","ST JOHN'S A","8403506","2011-09-21","2011","09","21","","18.0","","9.1","","13.6","","4.4","","0.0","","0.2","","0.0","","0.2","","","","29","","46",""
"-52.74","47.62","ST JOHN'S A","8403506","2011-09-22","2011","09","22","","18.3","","9.6","","14.0","","4.0","","0.0","","0.0","","0.0","","0.0","","","","27","","39",""
"-52.74","47.62","ST JOHN'S A","8403506","2011-09-23","2011","09","23","","14.9","","7.9","","11.4","","6.6","","0.0","","2.0","","0.0","","2.0","","","","","","<31",""
"-52.74","47.62","ST JOHN'S A","8403506","2011-09-24","2011","09","24","","13.4","","7.3","","10.4","","7.6","","0.0","","0.0","","0.0","","0.0","","","","27","","39",""
"-52.74","47.62","ST JOHN'S A","8403506","2011-09-25","2011","09","25","","16.9","","10.6","","13.8","","4.2","","0.0","","0.0","","0.0","","0.0","","","","27","","74",""
"-52.74","47.62","ST JOHN'S A","8403506","2011-09-26","2011","09","26","","15.8","","5.7","","10.8","","7.2","","0.0","","0.0","T","0.0","","0.0","T","","","31","","48",""
"-52.74","47.62","ST JOHN'S A","8403506","2011-09-27","2011","09","27","","9.9","","5.7","","7.8","","10.2","","0.0","","4.0","","0.0","","4.0","","","","36","","43",""
"-52.74","47.62","ST JOHN'S A","8403506","2011-09-28","2011","09","28","","11.7","","5.7","","8.7","","9.3","","0.0","","3.4","","0.0","","3.4","","","","26","E","54","E"
"-52.74","47.62","ST JOHN'S A","8403506","2011-09-29","2011","09","29","","17.0","","9.9","","13.5","","4.5","","0.0","","0.0","","0.0","","0.0","","","","26","","63",""
"-52.74","47.62","ST JOHN'S A","8403506","2011-09-30","2011","09","30","","20.9","","11.2","","16.1","","1.9","","0.0","","0.4","","0.0","","0.4","","","","22","","59",""
"-52.74","47.62","ST JOHN'S A","8403506","2011-10-01","2011","10","01","","23.5","","15.4","","19.5","","0.0","","1.5","","0.0","T","0.0","","0.0","T","0","","24","E","56","E"
"-52.74","47.62","ST JOHN'S A","8403506","2011-10-02","2011","10","02","","21.2","","8.6","","14.9","","3.1","","0.0","","9.4","","0.0","","9.4","","0","","26","E","44","E"
"-52.74","47.62","ST JOHN'S A","8403506","2011-10-03","2011","10","03","","16.8","","8.4","","12.6","","5.4","","0.0","","27.0","","0.0","","27.0","","0","","32","E","78","E"
"-52.74","47.62","ST JOHN'S A","8403506","2011-10-04","2011","10","04","","10.0","","7.7","","8.9","","9.1","","0.0","","0.8","","0.0","","0.8","","0","","10","E","54","E"
"-52.74","47.62","ST JOHN'S A","8403506","2011-10-05","2011","10","05","","15.3","","7.2","","11.3","","6.7","","0.0","","13.6","","0.0","","13.6","","0","","11","E","67","E"
"-52.74","47.62","ST JOHN'S A","8403506","2011-10-06","2011","10","06","","11.1","","3.7","","7.4","","10.6","","0.0","","2.0","","0.0","","2.0","","0","","22","E","95","E"
"-52.74","47.62","ST JOHN'S A","8403506","2011-10-07","2011","10","07","","6.8","","0.9","","3.9","","14.1","","0.0","","1.4","","0.4","","1.8","","0","","","M","","M"
"-52.74","47.62","ST JOHN'S A","8403506","2011-10-08","2011","10","08","","9.0","","1.3","","5.2","","12.8","","0.0","","0.2","","0.0","","0.2","","0","","25","E","46","E"
"-52.74","47.62","ST JOHN'S A","8403506","2011-10-09","2011","10","09","","11.2","","4.9","","8.1","","9.9","","0.0","","0.0","","0.0","","0.0","","0","","36","E","48","E"
"-52.74","47.62","ST JOHN'S A","8403506","2011-10-10","2011","10","10","","17.0","","6.3","","11.7","","6.3","","0.0","","4.0","","0.0","","4.0","","0","","25","E","46","E"
"-52.74","47.62","ST JOHN'S A","8403506","2011-10-11","2011","10","11","","7.4","","4.1","","5.8","","12.2","","0.0","","9.6","","0.0","","9.6","","0","","32","E","69","E"
"-52.74","47.62","ST JOHN'S A","8403506","2011-10-12","2011","10","12","","6.7","","0.4","","3.6","","14.4","","0.0","","0.2","","0.0","","0.2","","0","","35","E","50","E"
"-52.74","47.62","ST JOHN'S A","8403506","2011-10-13","2011","10","13","","11.0","","3.9","","7.5","","10.5","","0.0","","0.0","","0.0","","0.0","","0","","","M","","M"
"-52.74","47.62","ST JOHN'S A","8403506","2011-10-14","2011","10","14","","11.7","","7.2","","9.5","","8.5","","0.0","","0.2","","0.0","","0.2","","0","","","M","","M"
"-52.74","47.62","ST JOHN'S A","8403506","2011-10-15","2011","10","15","","17.5","","9.5","","13.5","","4.5","","0.0","","28.0","","0.0","","28.0","","0","","18","E","59","E"
"-52.74","47.62","ST JOHN'S A","8403506","2011-10-16","2011","10","16","","19.5","","11.4","","15.5","","2.5","","0.0","","7.8","","0.0","","7.8","","0","","27","E","39","E"
"-52.74","47.62","ST JOHN'S A","8403506","2011-10-17","2011","10","17","","15.0","","10.0","","12.5","","5.5","","0.0","","3.2","","0.0","","3.2","","0","","19","E","67","E"
"-52.74","47.62","ST JOHN'S A","8403506","2011-10-18","2011","10","18","","15.2","","8.9","","12.1","","5.9","","0.0","","0.4","","0.0","","0.4","","0","","24","E","50","E"
"-52.74","47.62","ST JOHN'S A","8403506","2011-10-19","2011","10","19","","15.7","","7.4","","11.6","","6.4","","0.0","","0.0","","0.0","","0.0","","0","","24","E","43","E"
"-52.74","47.62","ST JOHN'S A","8403506","2011-10-20","2011","10","20","","10.0","","7.3","","8.7","","9.3","","0.0","","16.0","","0.0","","16.0","","0","","9","E","41","E"
"-52.74","47.62","ST JOHN'S A","8403506","2011-10-21","2011","10","21","","16.6","","7.5","","12.1","","5.9","","0.0","","2.0","","0.0","","2.0","","0","","26","E","43","E"
"-52.74","47.62","ST JOHN'S A","8403506","2011-10-22","2011","10","22","","14.7","","5.5","","10.1","","7.9","","0.0","","0.0","T","0.0","","0.0","T","0","","24","E","41","E"
"-52.74","47.62","ST JOHN'S A","8403506","2011-10-23","2011","10","23","","13.7","","5.7","","9.7","","8.3","","0.0","","0.0","","0.0","","0.0","","0","","","M","","M"
"-52.74","47.62","ST JOHN'S A","8403506","2011-10-24","2011","10","24","","10.0","","5.7","","7.9","","10.1","","0.0","","0.0","T","0.0","","0.0","T","0","","","","<31",""
"-52.74","47.62","ST JOHN'S A","8403506","2011-10-25","2011","10","25","","7.8","","5.1","","6.5","","11.5","","0.0","","1.4","","0.0","","1.4","","0","","9","E","78","E"
"-52.74","47.62","ST JOHN'S A","8403506","2011-10-26","2011","10","26","","9.6","","5.7","","7.7","","10.3","","0.0","","64.4","","0.0","","64.4","","0","","8","E","82","E"
"-52.74","47.62","ST JOHN'S A","8403506","2011-10-27","2011","10","27","","6.4","","2.2","","4.3","","13.7","","0.0","","2.4","","0.2","","2.6","","0","T","29","E","96","E"
"-52.74","47.62","ST JOHN'S A","8403506","2011-10-28","2011","10","28","","3.4","","1.0","","2.2","","15.8","","0.0","","0.8","","2.4","","3.2","","0","","28","E","59","E"
"-52.74","47.62","ST JOHN'S A","8403506","2011-10-29","2011","10","29","","6.8","","-0.2","","3.3","","14.7","","0.0","","0.6","","0.0","","0.6","","0","","28","E","67","E"
"-52.74","47.62","ST JOHN'S A","8403506","2011-10-30","2011","10","30","","5.2","","-0.9","","2.2","","15.8","","0.0","","33.0","","0.0","","33.0","","0","","9","E","72","E"
"-52.74","47.62","ST JOHN'S A","8403506","2011-10-31","2011","10","31","","6.0","","2.0","","4.0","","14.0","","0.0","","22.0","","0.0","T","22.0","","0","","33","E","82","E"
"-52.74","47.62","ST JOHN'S A","8403506","2011-11-01","2011","11","01","","2.8","","-0.3","","1.3","","16.7","","0.0","","0.0","T","0.0","T","0.0","T","0","T","","M","","M"
"-52.74","47.62","ST JOHN'S A","8403506","2011-11-02","2011","11","02","","7.0","","-0.7","","3.2","","14.8","","0.0","","0.0","","0.0","","0.0","","0","","25","E","35","E"
"-52.74","47.62","ST JOHN'S A","8403506","2011-11-03","2011","11","03","","9.7","","2.0","","5.9","","12.1","","0.0","","0.0","","0.0","","0.0","","0","","26","E","46","E"
"-52.74","47.62","ST JOHN'S A","8403506","2011-11-04","2011","11","04","","8.4","","2.2","","5.3","","12.7","","0.0","","3.4","","0.0","","3.4","","0","","25","E","44","E"
"-52.74","47.62","ST JOHN'S A","8403506","2011-11-05","2011","11","05","","3.4","","-0.7","","1.4","","16.6","","0.0","","0.2","","0.4","","0.6","","0","T","35","E","61","E"
"-52.74","47.62","ST JOHN'S A","8403506","2011-11-06","2011","11","06","","5.1","","-2.1","","1.5","","16.5","","0.0","","0.0","","0.0","","0.0","","0","","27","E","69","E"
"-52.74","47.62","ST JOHN'S A","8403506","2011-11-07","2011","11","07","","4.8","","-1.9","","1.5","","16.5","","0.0","","0.0","","0.0","","0.0","","0","","30","E","67","E"
"-52.74","47.62","ST JOHN'S A","8403506","2011-11-08","2011","11","08","","9.7","","1.6","","5.7","","12.3","","0.0","","0.8","","0.0","","0.8","","0","","29","E","54","E"
"-52.74","47.62","ST JOHN'S A","8403506","2011-11-09","2011","11","09","","8.6","","2.8","","5.7","","12.3","","0.0","","0.0","","0.0","","0.0","","0","","","M","","M"
"-52.74","47.62","ST JOHN'S A","8403506","2011-11-10","2011","11","10","","6.9","","1.6","","4.3","","13.7","","0.0","","0.0","","0.0","","0.0","","0","","","M","","M"
"-52.74","47.62","ST JOHN'S A","8403506","2011-11-11","2011","11","11","","9.8","","2.3","","6.1","","11.9","","0.0","","0.0","","0.0","","0.0","","0","","17","E","70","E"
"-52.74","47.62","ST JOHN'S A","8403506","2011-11-12","2011","11","12","","12.0","","3.2","","7.6","","10.4","","0.0","","13.0","","0.0","","13.0","","0","","17","E","93","E"
"-52.74","47.62","ST JOHN'S A","8403506","2011-11-13","2011","11","13","","9.1","","1.4","","5.3","","12.7","","0.0","","0.0","","0.0","","0.0","","0","","26","E","41","E"
"-52.74","47.62","ST JOHN'S A","8403506","2011-11-14","2011","11","14","","11.3","","0.2","","5.8","","12.2","","0.0","","9.0","","0.0","","9.0","","0","","24","E","52","E"
"-52.74","47.62","ST JOHN'S A","8403506","2011-11-15","2011","11","15","","11.0","","9.1","","10.1","","7.9","","0.0","","12.4","","0.0","","12.4","","0","","25","E","59","E"
"-52.74","47.62","ST JOHN'S A","8403506","2011-11-16","2011","11","16","","9.7","","3.1","","6.4","","11.6","","0.0","","0.2","","0.0","","0.2","","0","","27","E","67","E"
"-52.74","47.62","ST JOHN'S A","8403506","2011-11-17","2011","11","17","","8.9","","2.9","","5.9","","12.1","","0.0","","12.0","","0.0","","12.0","","0","","16","E","57","E"
"-52.74","47.62","ST JOHN'S A","8403506","2011-11-18","2011","11","18","","15.6","","-1.4","","7.1","","10.9","","0.0","","3.6","","0.4","","4.0","","0","","21","E","87","E"
"-52.74","47.62","ST JOHN'S A","8403506","2011-11-19","2011","11","19","","4.8","","-1.4","","1.7","","16.3","","0.0","","0.2","","0.0","T","0.2","","0","T","28","E","63","E"
"-52.74","47.62","ST JOHN'S A","8403506","2011-11-20","2011","11","20","","11.0","","4.8","","7.9","","10.1","","0.0","","3.6","","0.0","","3.6","","0","","23","E","91","E"
"-52.74","47.62","ST JOHN'S A","8403506","2011-11-21","2011","11","21","","7.7","","-5.2","","1.3","","16.7","","0.0","","0.0","","0.0","T","0.0","T","0","","27","E","72","E"
"-52.74","47.62","ST JOHN'S A","8403506","2011-11-22","2011","11","22","","-0.4","","-4.8","","-2.6","","20.6","","0.0","","0.0","","0.0","T","0.0","T","0","","29","E","48","E"
"-52.74","47.62","ST JOHN'S A","8403506","2011-11-23","2011","11","23","","0.4","","-4.0","","-1.8","","19.8","","0.0","","0.0","","1.0","","1.0","","0","T","27","E","39","E"
"-52.74","47.62","ST JOHN'S A","8403506","2011-11-24","2011","11","24","","0.3","","-3.0","","-1.4","","19.4","","0.0","","0.0","","29.0","","23.0","","22","","4","E","67","E"
"-52.74","47.62","ST JOHN'S A","8403506","2011-11-25","2011","11","25","","-1.4","","-6.4","","-3.9","","21.9","","0.0","","0.0","","0.2","","0.0","T","22","","18","E","52","E"
"-52.74","47.62","ST JOHN'S A","8403506","2011-11-26","2011","11","26","","6.3","","-1.5","","2.4","","15.6","","0.0","","0.4","","0.0","T","0.4","","21","","20","E","69","E"
"-52.74","47.62","ST JOHN'S A","8403506","2011-11-27","2011","11","27","","0.4","","-7.8","","-3.7","","21.7","","0.0","","0.0","","0.0","T","0.0","T","4","","32","E","41","E"
"-52.74","47.62","ST JOHN'S A","8403506","2011-11-28","2011","11","28","","7.7","","-6.1","","0.8","","17.2","","0.0","","5.8","","0.0","T","5.8","","4","","23","E","82","E"
"-52.74","47.62","ST JOHN'S A","8403506","2011-11-29","2011","11","29","","6.4","","-1.1","","2.7","","15.3","","0.0","","2.6","","0.0","T","2.6","","2","","31","E","69","E"
"-52.74","47.62","ST JOHN'S A","8403506","2011-11-30","2011","11","30","","8.5","","2.5","","5.5","","12.5","","0.0","","0.0","","0.0","T","0.0","T","0","T","19","E","59","E"
"-52.74","47.62","ST JOHN'S A","8403506","2011-12-01","2011","12","01","","14.6","","3.7","","9.2","","8.8","","0.0","","25.2","","0.0","","25.2","","0","","21","E","72","E"
"-52.74","47.62","ST JOHN'S A","8403506","2011-12-02","2011","12","02","","3.9","","-0.8","","1.6","","16.4","","0.0","","1.2","","0.0","","1.2","","0","","1","E","43","E"
"-52.74","47.62","ST JOHN'S A","8403506","2011-12-03","2011","12","03","","2.1","","-4.0","","-1.0","","19.0","","0.0","","0.0","","0.0","T","0.0","T","0","T","1","E","37","E"
"-52.74","47.62","ST JOHN'S A","8403506","2011-12-04","2011","12","04","","0.3","","-6.6","","-3.2","","21.2","","0.0","","0.0","","0.0","","0.0","","0","","25","E","33","E"
"-52.74","47.62","ST JOHN'S A","8403506","2011-12-05","2011","12","05","","4.1","","-0.9","","1.6","","16.4","","0.0","","0.0","","0.0","","0.0","","0","","26","E","52","E"
"-52.74","47.62","ST JOHN'S A","8403506","2011-12-06","2011","12","06","","6.2","","2.9","","4.6","","13.4","","0.0","","0.0","T","0.0","","0.0","T","0","","25","E","39","E"
"-52.74","47.62","ST JOHN'S A","8403506","2011-12-07","2011","12","07","","7.4","","1.6","","4.5","","13.5","","0.0","","20.6","","0.0","","20.6","","0","","20","E","46","E"
"-52.74","47.62","ST JOHN'S A","8403506","2011-12-08","2011","12","08","","13.1","","1.8","","7.5","","10.5","","0.0","","5.8","","0.0","","5.8","","0","","","M","","M"
"-52.74","47.62","ST JOHN'S A","8403506","2011-12-09","2011","12","09","","2.7","","-0.7","","1.0","","17.0","","0.0","","0.0","","0.0","","0.0","","0","","27","E","106","E"
"-52.74","47.62","ST JOHN'S A","8403506","2011-12-10","2011","12","10","","4.7","","-0.9","","1.9","","16.1","","0.0","","2.0","","0.0","","2.0","","0","","18","E","56","E"
"-52.74","47.62","ST JOHN'S A","8403506","2011-12-11","2011","12","11","","4.7","","-6.6","","-1.0","","19.0","","0.0","","3.0","","0.0","T","3.0","","0","","29","E","65","E"
"-52.74","47.62","ST JOHN'S A","8403506","2011-12-12","2011","12","12","","0.2","","-6.4","","-3.1","","21.1","","0.0","","0.0","","0.8","","0.4","","0","","28","E","78","E"
"-52.74","47.62","ST JOHN'S A","8403506","2011-12-13","2011","12","13","","0.7","","-5.0","","-2.2","","20.2","","0.0","","0.0","","2.6","","1.6","","1","","4","E","41","E"
"-52.74","47.62","ST JOHN'S A","8403506","2011-12-14","2011","12","14","","-4.3","","-5.9","","-5.1","","23.1","","0.0","","0.0","","0.0","T","0.0","T","3","","2","E","48","E"
"-52.74","47.62","ST JOHN'S A","8403506","2011-12-15","2011","12","15","","-2.8","","-8.8","","-5.8","","23.8","","0.0","","0.0","","0.0","","0.0","","3","","","","<31",""
"-52.74","47.62","ST JOHN'S A","8403506","2011-12-16","2011","12","16","","7.3","","-3.1","","2.1","","15.9","","0.0","","10.8","","0.2","","10.8","","1","","18","E","78","E"
"-52.74","47.62","ST JOHN'S A","8403506","2011-12-17","2011","12","17","","3.4","","-3.1","","0.2","","17.8","","0.0","","0.0","T","0.0","T","0.0","T","0","","25","E","67","E"
"-52.74","47.62","ST JOHN'S A","8403506","2011-12-18","2011","12","18","","-2.9","","-5.2","","-4.1","","22.1","","0.0","","0.0","","8.2","","5.5","","0","","4","E","54","E"
"-52.74","47.62","ST JOHN'S A","8403506","2011-12-19","2011","12","19","","-1.8","","-3.0","","-2.4","","20.4","","0.0","","0.0","","1.4","","0.6","","8","","3","E","54","E"
"-52.74","47.62","ST JOHN'S A","8403506","2011-12-20","2011","12","20","","-1.9","","-4.9","","-3.4","","21.4","","0.0","","0.0","","8.4","","7.0","","7","","30","E","56","E"
"-52.74","47.62","ST JOHN'S A","8403506","2011-12-21","2011","12","21","","-1.8","","-5.4","","-3.6","","21.6","","0.0","","0.0","","0.0","","0.0","","11","","28","E","56","E"
"-52.74","47.62","ST JOHN'S A","8403506","2011-12-22","2011","12","22","","7.1","","-1.8","","2.7","","15.3","","0.0","","8.2","","0.0","","8.2","","9","","17","E","80","E"
"-52.74","47.62","ST JOHN'S A","8403506","2011-12-23","2011","12","23","","1.3","","-2.0","","-0.4","","18.4","","0.0","","0.0","T","7.8","","6.8","","0","T","31","E","41","E"
"-52.74","47.62","ST JOHN'S A","8403506","2011-12-24","2011","12","24","","-1.7","","-13.6","","-7.7","","25.7","","0.0","","0.0","","2.8","","1.8","","11","","36","E","61","E"
"-52.74","47.62","ST JOHN'S A","8403506","2011-12-25","2011","12","25","","-8.2","","-13.6","","-10.9","","28.9","","0.0","","0.0","","0.0","T","0.0","T","8","","31","E","50","E"
"-52.74","47.62","ST JOHN'S A","8403506","2011-12-26","2011","12","26","","-4.4","","-12.0","","-8.2","","26.2","","0.0","","0.0","","0.0","","0.0","","8","","","","<31",""
"-52.74","47.62","ST JOHN'S A","8403506","2011-12-27","2011","12","27","","0.9","","-8.3","","-3.7","","21.7","","0.0","","0.0","","0.0","","0.0","","6","","","","<31",""
"-52.74","47.62","ST JOHN'S A","8403506","2011-12-28","2011","12","28","","2.8","","-8.6","","-2.9","","20.9","","0.0","","0.4","","0.0","","0.4","","5","","","","<31",""
"-52.74","47.62","ST JOHN'S A","8403506","2011-12-29","2011","12","29","","5.3","","-0.2","","2.6","","15.4","","0.0","","1.8","","0.0","T","1.8","","2","","24","E","93","E"
"-52.74","47.62","ST JOHN'S A","8403506","2011-12-30","2011","12","30","","0.2","","-3.1","","-1.5","","19.5","","0.0","","0.0","","0.0","T","0.0","T","1","","25","E","93","E"
"-52.74","47.62","ST JOHN'S A","8403506","2011-12-31","2011","12","31","","-0.3","","-3.5","","-1.9","","19.9","","0.0","","0.0","","0.0","","0.0","","1","","30","E","43","E"
